Diagnostics/StepsInEval,Diagnostics/TrajsInEval,Diagnostics/CumEvalTime,Diagnostics/Iteration,Diagnostics/SamplerIteration,Diagnostics/CumTime (s),Diagnostics/CumSteps,Diagnostics/CumUpdates,Diagnostics/ReplayRatio,Diagnostics/CumReplayRatio,Diagnostics/StepsPerSecond,Diagnostics/NonEvalSamplesPerSecond,Diagnostics/UpdatesPerSecond,Diagnostics/OptThrottle,Traj_Infos/Length,Traj_Infos/Return,Traj_Infos/NonzeroRewards,Traj_Infos/DiscountedReturn,Traj_Infos/reachv1_episode_success,Traj_Infos/reachv1_episode_success_traj_sum,Traj_Infos/reachv1_is_live,Traj_Infos/reachv1_is_live_traj_sum,Traj_Infos/pushv1_episode_success,Traj_Infos/pushv1_episode_success_traj_sum,Traj_Infos/pushv1_is_live,Traj_Infos/pushv1_is_live_traj_sum,Traj_Infos/pickplacev1_episode_success,Traj_Infos/pickplacev1_episode_success_traj_sum,Traj_Infos/pickplacev1_is_live,Traj_Infos/pickplacev1_is_live_traj_sum,Traj_Infos/dooropenv1_episode_success,Traj_Infos/dooropenv1_episode_success_traj_sum,Traj_Infos/dooropenv1_is_live,Traj_Infos/dooropenv1_is_live_traj_sum,Traj_Infos/drawerclosev1_episode_success,Traj_Infos/drawerclosev1_episode_success_traj_sum,Traj_Infos/drawerclosev1_is_live,Traj_Infos/drawerclosev1_is_live_traj_sum,Traj_Infos/buttonpresstopdownv1_episode_success,Traj_Infos/buttonpresstopdownv1_episode_success_traj_sum,Traj_Infos/buttonpresstopdownv1_is_live,Traj_Infos/buttonpresstopdownv1_is_live_traj_sum,Traj_Infos/windowopenv1_episode_success,Traj_Infos/windowopenv1_episode_success_traj_sum,Traj_Infos/windowopenv1_is_live,Traj_Infos/windowopenv1_is_live_traj_sum,Traj_Infos/basketballv1_episode_success,Traj_Infos/basketballv1_episode_success_traj_sum,Traj_Infos/basketballv1_is_live,Traj_Infos/basketballv1_is_live_traj_sum,Traj_Infos/draweropenv1_episode_success,Traj_Infos/draweropenv1_episode_success_traj_sum,Traj_Infos/draweropenv1_is_live,Traj_Infos/draweropenv1_is_live_traj_sum,Traj_Infos/doorclosev1_episode_success,Traj_Infos/doorclosev1_episode_success_traj_sum,Traj_Infos/doorclosev1_is_live,Traj_Infos/doorclosev1_is_live_traj_sum,Traj_Infos/shelfplacev1_episode_success,Traj_Infos/shelfplacev1_episode_success_traj_sum,Traj_Infos/shelfplacev1_is_live,Traj_Infos/shelfplacev1_is_live_traj_sum,Traj_Infos/sweepintov1_episode_success,Traj_Infos/sweepintov1_episode_success_traj_sum,Traj_Infos/sweepintov1_is_live,Traj_Infos/sweepintov1_is_live_traj_sum,Traj_Infos/leverpullv1_episode_success,Traj_Infos/leverpullv1_episode_success_traj_sum,Traj_Infos/leverpullv1_is_live,Traj_Infos/leverpullv1_is_live_traj_sum,Traj_Infos/episode_success,Traj_Infos/episode_success_traj_sum,Traj_Infos/training_episode_success,Traj_Infos/training_episode_success_traj_sum,Traj_Infos/testing_episode_success,Traj_Infos/testing_episode_success_traj_sum,Traj_Infos/demonstration_success,Traj_Infos/demonstration_success_traj_sum,Traj_Infos/timeout,Traj_Infos/timeout_traj_sum,lossAverage,lossStd,lossMedian,lossMin,lossMax,perplexityAverage,perplexityStd,perplexityMedian,perplexityMin,perplexityMax,advantageAverage,advantageStd,advantageMedian,advantageMin,advantageMax,normalized_returnAverage,normalized_returnStd,normalized_returnMedian,normalized_returnMin,normalized_returnMax,etaAverage,etaStd,etaMedian,etaMin,etaMax,eta_lossAverage,eta_lossStd,eta_lossMedian,eta_lossMin,eta_lossMax,pi_lossAverage,pi_lossStd,pi_lossMedian,pi_lossMin,pi_lossMax,value_lossAverage,value_lossStd,value_lossMedian,value_lossMin,value_lossMax,alphaAverage,alphaStd,alphaMedian,alphaMin,alphaMax,alpha_lossAverage,alpha_lossStd,alpha_lossMedian,alpha_lossMin,alpha_lossMax,policy_klAverage,policy_klStd,policy_klMedian,policy_klMin,policy_klMax,entropyAverage,entropyStd,entropyMedian,entropyMin,entropyMax,alpha_muAverage,alpha_muStd,alpha_muMedian,alpha_muMin,alpha_muMax,alpha_mu_lossAverage,alpha_mu_lossStd,alpha_mu_lossMedian,alpha_mu_lossMin,alpha_mu_lossMax,alpha_sigmaAverage,alpha_sigmaStd,alpha_sigmaMedian,alpha_sigmaMin,alpha_sigmaMax,alpha_sigma_lossAverage,alpha_sigma_lossStd,alpha_sigma_lossMedian,alpha_sigma_lossMin,alpha_sigma_lossMax,mu_klAverage,mu_klStd,mu_klMedian,mu_klMin,mu_klMax,sigma_klAverage,sigma_klStd,sigma_klMedian,sigma_klMin,sigma_klMax,pi_muAverage,pi_muStd,pi_muMedian,pi_muMin,pi_muMax,pi_log_stdAverage,pi_log_stdStd,pi_log_stdMedian,pi_log_stdMin,pi_log_stdMax
84830,360,42.5282678604126,0,0,92.4107940196991,0,0,0.0,0.0,nan,nan,nan,1.0,235.63888888888889,1632.0323114701391,220.41944444444445,733.5163512491035,0.0,0.0,1.0,232.66666666666666,0.0,0.0,1.0,234.71875,0.0,0.0,1.0,241.33333333333334,0.0,0.0,1.0,231.71428571428572,0.0,0.0,1.0,234.25925925925927,0.0,0.0,1.0,233.9,0.0,0.0,1.0,233.88888888888889,0.0,0.0,1.0,245.33333333333334,0.0,0.0,1.0,234.37037037037038,0.0,0.0,1.0,232.8139534883721,0.0,0.0,1.0,242.48275862068965,0.0,0.0,1.0,235.67857142857142,0.0,0.0,1.0,234.0,0.0,0.0,0.0,0.0,0.0,0.0,0.0,0.0,0.0,0.0,nan,nan,nan,nan,nan,nan,nan,nan,nan,nan,nan,nan,nan,nan,nan,nan,nan,nan,nan,nan,nan,nan,nan,nan,nan,nan,nan,nan,nan,nan,nan,nan,nan,nan,nan,nan,nan,nan,nan,nan,nan,nan,nan,nan,nan,nan,nan,nan,nan,nan,nan,nan,nan,nan,nan,nan,nan,nan,nan,nan,nan,nan,nan,nan,nan,nan,nan,nan,nan,nan,nan,nan,nan,nan,nan,nan,nan,nan,nan,nan,nan,nan,nan,nan,nan,nan,nan,nan,nan,nan,nan,nan,nan,nan,nan,nan,nan,nan,nan,nan
84842,360,85.34014105796814,25,288,2293.3507940769196,5160960,2200,3.492063492063492,3.492063492063492,2344.8890019109217,2391.4057445281596,0.9995729097307532,0.1302352631380054,235.67222222222222,13786.146280806382,224.98333333333332,5836.616918421099,0.07407407407407407,7.10185185185186,1.0,232.16666666666666,0.0,0.0,1.0,235.1,0.0,0.0,1.0,241.42857142857142,0.0,0.0,1.0,232.03571428571428,0.0,0.0,1.0,234.10714285714286,0.0,0.0,1.0,234.05,0.0,0.0,1.0,233.85,0.0,0.0,1.0,246.33333333333334,0.0,0.0,1.0,234.03571428571428,0.0,0.0,1.0,232.9318181818182,0.0,0.0,1.0,243.10344827586206,0.0,0.0,1.0,235.5185185185185,0.0,0.0,1.0,234.0,0.007407407407407407,0.710185185185186,0.01282051282051282,1.229166666666668,0.0,0.0,0.0,0.0,0.0,0.0,2696.564105963707,35465.38965948895,102.02705001831055,13.912995338439941,1041185.6875,nan,nan,nan,nan,nan,1.5697032,69.4062,-1.5292637,-118.349754,33080.17,-0.69575053,72.393364,-3.3429887,-75.93835,33080.23,1.6200620579719542,0.34697547918278915,1.6394978165626526,1.0,2.2003908157348633,32.264522244713525,5.528798239537449,33.564910888671875,3.0064244270324707,38.98246765136719,4.253164170980454,0.25861238930046054,4.235779523849487,3.1814236640930176,6.4327216148376465,2660.036187147444,35464.97363899137,64.153564453125,5.3793044090271,1041142.875,nan,nan,nan,nan,nan,nan,nan,nan,nan,nan,nan,nan,nan,nan,nan,nan,nan,nan,nan,nan,1.3633121215755288,0.19287802760863382,1.4749906063079834,0.964923083782196,1.5267319679260254,0.010224840802944857,0.0014465851206145381,0.011062428820878267,0.007236920762807131,0.011450489051640034,1.5027974142811515,0.22846243665368657,1.5544092655181885,0.9994955062866211,1.8304073810577393,-0.004369287791239664,0.0034766806286424027,-0.0035074488259851933,-0.043201979249715805,9.247797606803942e-06,0.01940673466225142,0.017729961446421628,0.01364565547555685,2.4996040792757412e-06,0.21821165084838867,0.004379287654299963,0.003476680578601681,0.0035174486692994833,7.522040732510504e-07,0.04321197792887688,0.0036509972690625795,0.0343065139492746,0.006000518565997481,-0.12603972852230072,0.1408480852842331,0.7010702857104215,0.023175614324889578,0.703805148601532,0.6137656569480896,0.7892773151397705
84783,360,128.54288244247437,49,563,4397.954241991043,10088960,4600,3.9896103896103896,3.7350926160872877,2341.533748262244,2390.607505076644,1.140357344932911,0.14829560800374644,235.50833333333333,14653.96230271023,225.0,5168.54971080535,0.037037037037037035,1.4259259259259247,1.0,232.02777777777777,0.01075268817204301,0.8172043010752681,1.0,234.96774193548387,0.0,0.0,1.0,241.60714285714286,0.0,0.0,1.0,231.78571428571428,0.0,0.0,1.0,233.71428571428572,0.0,0.0,1.0,233.95,0.0,0.0,1.0,234.0,0.0,0.0,1.0,244.16666666666666,0.0,0.0,1.0,234.21428571428572,0.0,0.0,1.0,233.0,0.0,0.0,1.0,243.53571428571428,0.03571428571428571,2.7142857142857117,1.0,235.07142857142858,0.0,0.0,1.0,234.0,0.007407407407407407,0.42407407407407366,0.007974481658692184,0.36682615629984017,0.006622516556291391,0.5033112582781453,0.0,0.0,0.0,0.0,84.40155643224716,342.7356632588465,28.91298484802246,5.622833251953125,7324.6240234375,nan,nan,nan,nan,nan,0.00047074232,10.558398,-0.4980821,-19.745178,1674.1073,-0.80375075,12.073546,-0.5731702,-26.215546,1677.8577,2.7367747237284976,0.2890712138751408,2.753635287284851,2.20090651512146,3.1961936950683594,16.84277029708028,11.092062271893223,18.929133415222168,0.49496376514434814,34.03732681274414,4.5144172702233,0.30043962715474287,4.499170541763306,2.787461996078491,6.710692405700684,63.03308016985655,340.35440263427,5.20538854598999,0.6465449929237366,7290.7236328125,nan,nan,nan,nan,nan,nan,nan,nan,nan,nan,nan,nan,nan,nan,nan,nan,nan,nan,nan,nan,1.502248648206393,0.06848364342764819,1.5309410095214844,1.3074077367782593,1.5669214725494385,0.011266864663145195,0.0005136273215867038,0.011482058092951775,0.009805559180676937,0.011751910671591759,2.2158594711124895,0.20465612108468467,2.216045618057251,1.8307392597198486,2.5250742435455322,-0.002095615130723066,0.0010634061018924492,-0.001894053304567933,-0.007570664864033461,-0.0005035594804212451,0.00665788155097592,0.003038645264039535,0.005916708614677191,0.002295346697792411,0.025350382551550865,0.002105615090864982,0.0010634060699463157,0.001904053264297545,0.0005135594983585179,0.007580664474517107,-0.013247331864067746,0.015382759753332248,-0.013088842388242483,-0.059307921677827835,0.041018735617399216,0.7468837387859821,0.014530629358631173,0.7453021109104156,0.7094587683677673,0.7860236167907715
85202,362,172.0461552143097,74,848,6583.527403831482,15196160,7100,4.010025062656641,3.8274932614555257,2336.778328527471,2384.2359327597237,1.143864704988776,0.14791230396028532,235.3646408839779,13093.878079518305,225.0,4743.572849889083,0.047619047619047616,4.33333333333333,1.0,232.2,0.0,0.0,1.0,234.59375,0.0,0.0,1.0,241.4516129032258,0.0,0.0,1.0,232.03846153846155,0.8641975308641975,71.358024691358,1.0,228.25925925925927,0.0,0.0,1.0,233.66666666666666,0.0,0.0,1.0,234.25,0.0,0.0,1.0,244.0,0.0,0.0,1.0,234.04,0.0,0.0,1.0,232.86046511627907,0.0,0.0,1.0,243.65625,0.0,0.0,1.0,235.53571428571428,0.0,0.0,1.0,234.0,0.06906077348066299,5.741252302025781,0.11904761904761904,9.896825396825394,0.0,0.0,0.0,0.0,0.0,0.0,179.9154697271347,2033.016372030003,14.00440788269043,5.171679496765137,87945.4140625,nan,nan,nan,nan,nan,0.07583606,17.114298,-0.35978872,-14.951045,5967.265,0.26283568,17.401003,-0.23103032,-11.690829,5965.398,3.6403547853469846,0.2572744861104589,3.640529751777649,3.1964869499206543,4.080750465393066,10.901963730704784,9.626400512813776,6.963788270950317,0.44684961438179016,28.702022552490234,4.36921771812439,0.2531308942404977,4.370877504348755,3.5864882469177246,7.390333652496338,164.63737464962006,2031.8743065850838,2.314985513687134,0.3417268693447113,87915.3828125,nan,nan,nan,nan,nan,nan,nan,nan,nan,nan,nan,nan,nan,nan,nan,nan,nan,nan,nan,nan,0.9180223785400391,0.19084876599672004,0.9014425873756409,0.5186116099357605,1.3070127964019775,0.006885167667549104,0.0014313657145688529,0.006760819815099239,0.0038895870093256235,0.00980259571224451,2.8770132544517515,0.22682686292173307,2.8869858980178833,2.525216579437256,3.221574544906616,-0.0009123406476865056,0.00046211511072132905,-0.0008113004732877016,-0.005259643774479628,-0.00018905413162428886,0.004675333917094395,0.0027079100945718634,0.004009882686659694,0.0010918695479631424,0.031618330627679825,0.0009223406362754759,0.00046211510717577317,0.0008213003748096526,0.00019905414956156164,0.005269644316285849,0.0363814282156427,0.023927316508738278,0.03414959833025932,-0.009492326527833939,0.09306187182664871,0.722508749127388,0.0067261463457055195,0.7232518792152405,0.6970681548118591,0.7465757131576538
85068,361,215.1416027545929,98,1122,8686.082533836365,20106240,9500,4.004171011470282,3.870639164756812,2335.2919169299485,2384.1593218877692,1.1414682857778033,0.14710916522091277,235.6454293628809,15028.425711001262,224.96952908587258,5888.974381978908,0.12037037037037036,10.537037037037031,1.0,231.63888888888889,0.0,0.0,1.0,235.21875,0.0,0.0,1.0,241.5,0.0,0.0,1.0,232.03571428571428,0.32142857142857145,2.1547619047619078,1.0,233.78571428571428,0.0,0.0,1.0,233.6315789473684,0.0,0.0,1.0,233.85,0.0,0.0,1.0,245.55555555555554,0.0,0.0,1.0,233.92857142857142,0.0,0.0,1.0,233.0,0.0,0.0,1.0,243.2,0.0,0.0,1.0,235.7037037037037,0.0,0.0,1.0,234.0,0.036934441366574325,1.217913204062788,0.0631911532385466,2.0837282780410735,0.0,0.0,0.0,0.0,0.0,0.0,48.62095631480217,151.03285168850212,15.68324613571167,5.4836812019348145,3466.88818359375,nan,nan,nan,nan,nan,0.014074457,7.7349806,-0.16920558,-14.819697,1200.7913,0.88739294,8.322719,-0.380809,-5.9692206,1207.4719,4.51898435095946,0.2479676410346438,4.52855920791626,4.081125259399414,4.938029766082764,10.452489015087485,8.580545249779181,8.277587890625,0.5380730032920837,27.444643020629883,4.433681305348873,0.217447410583909,4.427464485168457,3.5658791065216064,5.826253890991211,33.73386874265969,148.2301716693031,3.0772136449813843,0.3564445674419403,3435.145751953125,nan,nan,nan,nan,nan,nan,nan,nan,nan,nan,nan,nan,nan,nan,nan,nan,nan,nan,nan,nan,0.11753831238157256,0.16216689217467614,9.99999993922529e-09,9.99999993922529e-09,0.5180197954177856,0.000881537321530119,0.0012162516564426528,7.500000620552782e-11,7.499998538884611e-11,0.003885149722918868,3.5421279033025104,0.18000185579949993,3.571432113647461,3.221773624420166,3.8391876220703125,-0.000431155994792789,0.0002816406040290747,-0.00037242306279949844,-0.003156122285872698,-0.00010304836905561388,0.0031182052405104815,0.0015807589499689022,0.0026308908127248287,0.0010398224694654346,0.014270336367189884,0.00044115600121585885,0.00028164059558243644,0.00038242309528868645,0.0001130483578890562,0.0031661223620176315,0.10847827097401024,0.014295306260962226,0.10941729694604874,0.06346976011991501,0.14088429510593414,0.737534428909421,0.011287011111964023,0.7409500181674957,0.712821364402771,0.7580519914627075
84670,360,258.4551086425781,122,1397,10810.496332406998,25034240,11900,3.9896103896103896,3.8940586972083033,2319.6987344535705,2367.978139894233,1.1297234096364792,0.14609385364591249,235.19444444444446,15096.051946094445,225.0,5665.507225232332,0.1111111111111111,8.44444444444444,1.0,231.75,0.0,0.0,1.0,234.51612903225808,0.0,0.0,1.0,241.76666666666668,0.0,0.0,1.0,231.85714285714286,0.9404761904761905,70.5833333333333,1.0,228.32142857142858,0.0,0.0,1.0,234.2,0.0,0.0,1.0,234.05,0.0,0.0,1.0,244.47368421052633,0.0,0.0,1.0,234.17857142857142,0.0,0.0,1.0,232.95238095238096,0.0,0.0,1.0,244.11111111111111,0.0,0.0,1.0,235.53571428571428,0.0,0.0,1.0,234.0,0.08425925925925926,6.334259259259256,0.1430817610062893,10.756289308176095,0.0,0.0,0.0,0.0,0.0,0.0,18.21709474384785,29.674699768356653,9.921695709228516,5.400788307189941,651.5426025390625,nan,nan,nan,nan,nan,0.0005505923,3.4015715,-0.0817883,-8.668911,474.51605,0.30141917,3.9537187,-0.5423486,-5.065585,473.83307,5.297580667734146,0.19543522608204314,5.319776773452759,4.938287258148193,5.61014986038208,7.203420544043183,6.862999285737695,3.3357889652252197,0.649511992931366,23.787736892700195,4.507680333753427,0.152311933773929,4.511108875274658,3.696038246154785,5.37856388092041,6.505951845080902,26.784032800898604,1.87578946352005,0.19559791684150696,627.2186889648438,nan,nan,nan,nan,nan,nan,nan,nan,nan,nan,nan,nan,nan,nan,nan,nan,nan,nan,nan,nan,9.99999993922529e-09,0.0,9.99999993922529e-09,9.99999993922529e-09,9.99999993922529e-09,7.499999971187962e-11,4.416153831454187e-18,7.499999926663392e-11,7.499998538884611e-11,7.500001314442173e-11,4.199157373408476,0.21687315291944698,4.19284725189209,3.8393983840942383,4.575730800628662,-0.00024107556043115135,7.736198826115152e-05,-0.00022437913139583543,-0.0006792863132432103,-0.00010678696708055213,0.0023119134191074407,0.0008241981861953293,0.0021863178117200732,0.000857864273712039,0.005930980667471886,0.00025107556996772473,7.736199126033627e-05,0.0002343791420571506,0.00011678696318995208,0.0006892863311804831,0.16669819785282017,0.011544384272245375,0.16798567026853561,0.1293778121471405,0.18969641625881195,0.7537749070425829,0.0038131357166901044,0.7539235651493073,0.7431620955467224,0.7671047449111938
84840,360,302.0603733062744,147,1682,13018.056611776352,30141440,14400,4.010025062656641,3.913708170545269,2313.5042099321527,2360.1229994583246,1.1324719072741192,0.1461161819158426,235.66666666666666,16668.36485679226,225.0,6341.995514816902,0.2,15.199999999999994,1.0,231.6,0.0,0.0,1.0,234.4375,0.0,0.0,1.0,241.48387096774192,0.0,0.0,1.0,231.92857142857142,0.2962962962962963,0.2962962962962963,1.0,233.96296296296296,0.0,0.0,1.0,233.94444444444446,0.0,0.0,1.0,234.2,0.0,0.0,1.0,245.0,0.0,0.0,1.0,233.46428571428572,0.0,0.0,1.0,233.02439024390245,0.0,0.0,1.0,243.6,0.0,0.0,1.0,235.5185185185185,0.0,0.0,1.0,234.0,0.041666666666666664,1.4999999999999991,0.07109004739336493,2.559241706161136,0.0,0.0,0.0,0.0,0.0,0.0,13.905455166625977,74.93941971442479,7.303415775299072,5.290121078491211,1642.2720947265625,nan,nan,nan,nan,nan,0.005000189,3.1936634,-0.06540108,-24.031824,1260.4573,0.09731702,3.5757246,-0.48296,-4.8739367,1258.8073,5.862201925086975,0.1273024305012313,5.873822450637817,5.6104350090026855,6.030248165130615,3.679564253282547,4.019990717453917,1.7344709038734436,0.7042279243469238,19.451723098754883,4.466679562473297,0.10271091025202524,4.471057653427124,3.850581407546997,5.147695064544678,5.759160290613771,74.17958578085477,1.0840368866920471,0.11357814073562622,1624.1944580078125,nan,nan,nan,nan,nan,nan,nan,nan,nan,nan,nan,nan,nan,nan,nan,nan,nan,nan,nan,nan,9.99999993922529e-09,0.0,9.99999993922529e-09,9.99999993922529e-09,9.99999993922529e-09,7.499999973570315e-11,4.298924728281885e-18,7.499999926663392e-11,7.499999232774002e-11,7.500001314442173e-11,5.129200407028199,0.28291520424702676,5.21139121055603,4.5760273933410645,5.49086332321167,-0.00022506742718978785,0.00013023539887843988,-0.00019722718570847064,-0.0009002339211292565,-5.003873593523167e-05,0.002146908498206176,0.0010377449598135851,0.0019447632948867977,0.0006776060326956213,0.007078385446220636,0.00023506743368925526,0.00013023540141789404,0.0002072271890938282,6.003873568261042e-05,0.0009102339390665293,0.18769034243822097,0.006838451599252502,0.1878664791584015,0.16446782648563385,0.20353680849075317,0.7467382845401764,0.0038557629010808553,0.7458993196487427,0.73615562915802,0.7594608068466187
85706,364,345.5606005191803,171,1957,15234.572335481644,35069440,16800,3.9896103896103896,3.924374041900869,2223.309290024792,2267.8163169819195,1.0827804983886973,0.13912183000037215,235.45604395604394,26424.471428525296,225.0,10430.743579772192,0.23148148148148145,16.91666666666666,1.0,231.16666666666666,0.0,0.0,1.0,234.75,0.0,0.0,1.0,241.5,0.0,0.0,1.0,232.10714285714286,0.0,0.0,1.0,233.82142857142858,0.39999999999999997,34.14999999999998,1.0,231.3,0.0,0.0,1.0,233.94736842105263,0.0,0.0,1.0,244.72222222222223,0.0,0.0,1.0,234.30769230769232,0.0,0.0,1.0,233.1818181818182,0.0,0.0,1.0,243.29032258064515,0.0,0.0,1.0,235.53571428571428,0.0,0.0,1.0,234.0,0.04487179487179487,3.5494505494505475,0.07740916271721958,6.123222748815163,0.0,0.0,0.0,0.0,0.0,0.0,6.980160433451335,1.9848242425239875,6.4448323249816895,5.245931625366211,40.54624938964844,nan,nan,nan,nan,nan,0.004717808,1.3096259,-0.047431827,-20.397533,269.4278,0.034562387,1.8229705,-0.43131185,-4.065455,269.04767,6.070479608575503,0.014143704915706231,6.07442045211792,6.030261039733887,6.0874505043029785,1.6456880788505077,1.0427840874760785,1.332675576210022,0.7174718976020813,13.504911422729492,4.4605231130123135,0.03993979158898653,4.460064172744751,4.16266393661499,5.0108795166015625,0.8738919068314135,1.010366979604484,0.6448285579681396,0.09811415523290634,27.725635528564453,nan,nan,nan,nan,nan,nan,nan,nan,nan,nan,nan,nan,nan,nan,nan,nan,nan,nan,nan,nan,9.99999993922529e-09,0.0,9.99999993922529e-09,9.99999993922529e-09,9.99999993922529e-09,7.499999988824317e-11,4.4469856140019445e-18,7.499999926663392e-11,7.499998538884611e-11,7.500001314442173e-11,5.732240232229233,0.13432699530141765,5.730690240859985,5.491052627563477,5.971792697906494,-6.125302515177585e-05,2.5607970907189858e-05,-5.519962542166468e-05,-0.00022547965636476874,-2.2884385543875396e-05,0.0010336944921436953,0.000274032668898334,0.0009746351570356637,0.0006030505173839629,0.0028028038796037436,7.125302576847995e-05,2.56079714290144e-05,6.519962335005403e-05,3.288438529125415e-05,0.00023547967430204153,0.20632592628399532,0.008701228817999807,0.20801309496164322,0.1837095469236374,0.22761447727680206,0.7440525761743386,0.0015634684768897605,0.7440751791000366,0.7365280389785767,0.7505950331687927
85080,361,388.88253378868103,196,2242,17443.625141859055,40176640,19300,4.010025062656641,3.935261883522365,2311.941111256282,2358.187743184805,1.1317067626371995,0.14614988172601434,235.6786703601108,14757.3087558897,225.0,5721.085938887591,0.1333333333333333,10.16190476190476,1.0,232.0857142857143,0.0,0.0,1.0,235.03225806451613,0.0,0.0,1.0,241.4,0.0,0.0,1.0,231.89285714285714,0.011904761904761904,0.011904761904761904,1.0,234.64285714285714,0.0,0.0,1.0,234.0,0.0,0.0,1.0,233.78947368421052,0.0,0.0,1.0,244.3684210526316,0.0,0.0,1.0,234.0,0.0,0.0,1.0,233.02272727272728,0.0,0.0,1.0,242.9,0.0,0.0,1.0,235.53571428571428,0.0,0.0,1.0,234.0,0.013850415512465374,0.9861495844875343,0.023809523809523808,1.6952380952380948,0.0,0.0,0.0,0.0,0.0,0.0,7.017147717475891,9.289350492806959,6.169713258743286,5.234539985656738,223.29443359375,nan,nan,nan,nan,nan,0.0020357822,1.4037646,-0.055066407,-35.640663,267.20465,0.0069119227,1.7448884,-0.3860076,-4.1099796,265.9053,6.082825647354126,0.016856834986691,6.078617572784424,6.0613694190979,6.116602897644043,1.480294031381607,1.3665144364189254,1.2185931205749512,0.7008047103881836,16.557981491088867,4.4469601064682,0.04174943049911485,4.446796894073486,4.147310733795166,4.780185222625732,1.0898286605656147,8.408330565055113,0.5044538676738739,0.07680749148130417,202.22523498535156,nan,nan,nan,nan,nan,nan,nan,nan,nan,nan,nan,nan,nan,nan,nan,nan,nan,nan,nan,nan,9.99999993922529e-09,0.0,9.99999993922529e-09,9.99999993922529e-09,9.99999993922529e-09,7.499999996052331e-11,4.40387494599693e-18,7.499999926663392e-11,7.499998538884611e-11,7.500001314442173e-11,6.491517957878113,0.2823018786212396,6.555462121963501,5.9719977378845215,6.957508563995361,-7.642509406214231e-05,4.772594242116605e-05,-6.051937634765636e-05,-0.00039627598016522825,-2.2410093151847832e-05,0.0018203646305948497,0.0008083311093310538,0.001632334606256336,0.0006940651219338179,0.008130678907036781,8.642509493947727e-05,4.772594389737918e-05,7.051937791402452e-05,3.241009471821599e-05,0.0004062760272063315,0.2036901854276657,0.00831687620813311,0.2032117396593094,0.1781339794397354,0.22568590939044952,0.7418072600841522,0.0018099822413922696,0.7417506873607635,0.7354458570480347,0.7489915490150452
85125,362,432.30129051208496,220,2517,19569.8537876606,45104640,21700,3.9896103896103896,3.9411998410806515,2317.718750394432,2366.0344738334,1.1287591316855998,0.14510605264013868,235.15193370165747,12923.22791370639,224.89226519337018,4966.169025005262,0.12037037037037036,9.870370370370368,1.0,231.83333333333334,0.0,0.0,1.0,234.90322580645162,0.0,0.0,1.0,241.31034482758622,0.0,0.0,1.0,232.0,0.8809523809523808,67.04761904761902,1.0,228.96428571428572,0.0,0.0,1.0,233.45,0.0,0.0,1.0,234.05,0.0,0.0,1.0,244.78947368421052,0.0,0.0,1.0,233.89285714285714,0.0,0.0,1.0,233.1590909090909,0.0,0.0,1.0,242.7,0.0,0.0,1.0,235.44,0.0,0.0,1.0,234.0,0.08011049723756906,6.167587476979739,0.13744075829383887,10.581358609794624,0.0,0.0,0.0,0.0,0.0,0.0,10.447517057657242,40.96972216326353,5.862934350967407,5.2450079917907715,784.6470947265625,nan,nan,nan,nan,nan,0.0053162207,2.7487185,-0.05579339,-141.72733,573.93567,-0.032739885,2.9407606,-0.3422596,-4.042867,573.531,6.103835506637891,0.04598171876306163,6.083592176437378,6.057306289672852,6.217170238494873,1.6657061893244585,2.3636222830420164,1.056597113609314,0.6785197854042053,17.76752471923828,4.47844258069992,0.06531841819169174,4.475921154022217,4.05487060546875,5.151515007019043,4.303270136299543,39.650622486586556,0.33038094639778137,0.04921363294124603,764.7362670898438,nan,nan,nan,nan,nan,nan,nan,nan,nan,nan,nan,nan,nan,nan,nan,nan,nan,nan,nan,nan,0.0031448612088468193,0.012643385657090144,9.99999993922529e-09,9.99999993922529e-09,0.07797305285930634,2.35864585223942e-05,9.482539006096252e-05,7.499999926663392e-11,7.499998538884611e-11,0.0005847979336977005,7.461724746823311,0.32144266540578215,7.377918004989624,6.957776069641113,8.141921997070312,-9.992586809327501e-05,6.693848293085515e-05,-8.082003478193656e-05,-0.0004531179729383439,-2.285591108375229e-05,0.0036133794915804173,0.0028184578780122197,0.00289348850492388,0.0010644248686730862,0.0249989815056324,0.00010992586953458765,6.693848464372344e-05,9.082001633942127e-05,3.285591083113104e-05,0.0004631179617717862,0.18989920711765687,0.01753131495062267,0.19242828339338303,0.12530921399593353,0.22625483572483063,0.7474724319080511,0.002791879721761125,0.7474500238895416,0.7380033731460571,0.7557352185249329
84729,360,475.8137788772583,244,2791,21694.806039333344,50014720,24100,4.004171011470282,3.9473818907713567,2310.6778028234876,2358.9825113158677,1.1294371429337953,0.14520432232345892,235.35833333333332,16997.688249906227,225.0,6384.741330262866,0.20588235294117643,14.960784313725487,1.0,231.35294117647058,0.0,0.0,1.0,234.625,0.0,0.0,1.0,241.40625,0.0,0.0,1.0,232.07407407407408,0.8271604938271605,62.86419753086416,1.0,229.0,0.0,0.0,1.0,233.47368421052633,0.0,0.0,1.0,234.45,0.0,0.0,1.0,245.55555555555554,0.0,0.0,1.0,234.7037037037037,0.0,0.0,1.0,233.0909090909091,0.0,0.0,1.0,243.09677419354838,0.0,0.0,1.0,235.57692307692307,0.0,0.0,1.0,234.0,0.08148148148148147,6.1277777777777755,0.14035087719298242,10.555023923444972,0.0,0.0,0.0,0.0,0.0,0.0,20.6367365582784,311.6954316852792,5.7394654750823975,5.2768683433532715,9833.1357421875,nan,nan,nan,nan,nan,0.014895861,4.953318,-0.06808881,-40.931293,1895.6963,-0.03747644,5.01725,-0.34116316,-3.8597472,1895.5344,6.339577430685361,0.08604668788446007,6.337880849838257,6.21504020690918,6.4773664474487305,2.068754064043363,3.055158363880451,1.018531620502472,0.7313177585601807,17.300024032592773,4.487839163939158,0.07859444101742047,4.481933832168579,4.166942119598389,5.164989471435547,14.079981220873693,311.07478562285115,0.24479513615369797,0.06420593708753586,9811.46875,nan,nan,nan,nan,nan,nan,nan,nan,nan,nan,nan,nan,nan,nan,nan,nan,nan,nan,nan,nan,0.010195459909318506,0.02336117344812135,9.99999993922529e-09,9.99999993922529e-09,0.08541066199541092,7.646594796151497e-05,0.0001752087976984734,7.499999926663392e-11,7.499998538884611e-11,0.0006405800231732428,8.580458105007807,0.19351902067481572,8.641515731811523,8.142684936523438,8.851634979248047,-9.735973080069016e-05,7.177620597184497e-05,-7.65917902754154e-05,-0.0006084684864617884,-1.595713365531992e-05,0.0037425638024433283,0.002503177478269112,0.003075917367823422,0.000812206941191107,0.02093372493982315,0.00010735973240722767,7.177620751907916e-05,8.659179002279416e-05,2.595713158370927e-05,0.0006184684461914003,0.13345237605894605,0.017082379770876222,0.13024231791496277,0.0892316997051239,0.1882803738117218,0.7485031780103842,0.0043957257334659135,0.7493583261966705,0.7362303733825684,0.7608753442764282
85345,363,519.2209043502808,269,3077,23916.21751666069,55139840,26600,3.996003996003996,3.951901202469938,2307.1457279793117,2353.126611357108,1.1254105894004978,0.1443953453029091,235.11019283746558,20085.185268081234,225.0,7224.3661145974675,0.2222222222222222,16.194444444444436,1.0,231.30555555555554,0.0,0.0,1.0,234.5625,0.0,0.0,1.0,241.57142857142858,0.0,0.0,1.0,232.21428571428572,0.8571428571428571,64.27380952380949,1.0,228.64285714285714,0.0,0.0,1.0,234.25,0.0,0.0,1.0,234.2,0.0,0.0,1.0,245.61111111111111,0.0,0.0,1.0,234.03571428571428,0.0,0.0,1.0,233.02272727272728,0.0,0.0,1.0,242.3,0.0,0.0,1.0,235.66666666666666,0.0,0.0,1.0,234.0,0.08815426997245178,6.563820018365469,0.15238095238095237,11.34603174603174,0.0,0.0,0.0,0.0,0.0,0.0,18.59928523311615,143.09599539202202,5.79242730140686,5.343198776245117,2544.828369140625,nan,nan,nan,nan,nan,0.02037335,4.786471,-0.06317463,-31.66276,1606.2183,0.058510583,4.8403573,-0.22923103,-3.3410282,1606.2142,6.602989639282226,0.07699130246630062,6.590348958969116,6.475856304168701,6.753663063049316,2.197507892227173,3.1512127153762837,1.0219449400901794,0.7107813954353333,18.300586700439453,4.532210310554504,0.07853869277532939,4.528067111968994,4.155355930328369,5.097675323486328,11.869473884151876,142.08953970002375,0.24175231158733368,0.0598381869494915,2524.98193359375,nan,nan,nan,nan,nan,nan,nan,nan,nan,nan,nan,nan,nan,nan,nan,nan,nan,nan,nan,nan,4.798685074708473e-05,0.0003540410374823145,9.99999993922529e-09,9.99999993922529e-09,0.00373563589528203,3.5990138099477044e-07,2.6553077697721543e-06,7.499999926663392e-11,7.499999232774002e-11,2.8017271688440815e-05,9.303242839431762,0.24269034852838833,9.258487701416016,8.85178279876709,9.738932609558105,-7.689204103298835e-05,4.7379007886125084e-05,-6.816078894189559e-05,-0.0005096237873658538,-1.0312172889825888e-05,0.0025872069945326076,0.0017485566423115504,0.002219656598754227,0.000699430238455534,0.021020831540226936,8.689204160255031e-05,4.7379008876697454e-05,7.816078505129553e-05,2.031217263720464e-05,0.0005196238053031266,0.11095198915302754,0.013909161127412783,0.10930470004677773,0.06935570389032364,0.16153188049793243,0.756820101928711,0.002742285563893465,0.7569035589694977,0.7453104853630066,0.7654454112052917
84700,360,562.7359652519226,293,3351,26041.836131095886,60049920,29000,4.004171011470282,3.9561751289593725,2309.953425631188,2358.2304500019054,1.1290830743113862,0.14664842146159204,235.27777777777777,15938.098382123986,225.0,5920.326395383081,0.06481481481481483,5.638888888888889,1.0,232.13888888888889,0.0,0.0,1.0,234.8125,0.0,0.0,1.0,241.58620689655172,0.0,0.0,1.0,232.10714285714286,0.9382716049382717,70.40740740740738,1.0,228.55555555555554,0.0,0.0,1.0,233.9,0.0,0.0,1.0,234.11111111111111,0.0,0.0,1.0,245.83333333333334,0.0,0.0,1.0,234.1851851851852,0.0,0.0,1.0,232.88372093023256,0.0,0.0,1.0,243.0,0.0,0.0,1.0,235.46428571428572,0.0,0.0,1.0,234.0,0.07685185185185185,5.844444444444442,0.1330128205128205,10.115384615384611,0.0,0.0,0.0,0.0,0.0,0.0,19.989416372974713,117.6190726381035,5.8449578285217285,5.344189167022705,2545.934326171875,nan,nan,nan,nan,nan,0.00845742,4.7465553,-0.08995879,-72.38661,1275.9839,0.08393059,4.8341346,-0.18396762,-3.9406703,1275.8137,6.934840721885363,0.108784537516304,6.963294982910156,6.753785133361816,7.09773588180542,2.5468499669680993,3.416533702948274,1.047299325466156,0.7440460920333862,17.873937606811523,4.525203560392062,0.06791824997422424,4.521738290786743,4.169898509979248,5.039212703704834,12.917247574538925,116.54073121806499,0.2795581817626953,0.059930577874183655,2527.014404296875,nan,nan,nan,nan,nan,nan,nan,nan,nan,nan,nan,nan,nan,nan,nan,nan,nan,nan,nan,nan,0.001735322082058429,0.005876380120829563,9.99999993922529e-09,9.99999993922529e-09,0.030327972024679184,1.3014915297952368e-05,4.4072849809559305e-05,7.499999926663392e-11,7.499998538884611e-11,0.0002274597209179774,10.21831350962321,0.229583292040279,10.331552028656006,9.739278793334961,10.483572959899902,-7.537367799625846e-05,7.179502898175782e-05,-5.811464325233828e-05,-0.000739310693461448,-6.282018034653447e-07,0.002833100322180447,0.0026143990575805192,0.001988772302865982,0.000422358833020553,0.026784274727106094,8.537367852227362e-05,7.179502860534003e-05,6.811464118072763e-05,1.062820138031384e-05,0.0007493106531910598,0.08760975802938144,0.010212589271486487,0.08637985959649086,0.06577892601490021,0.13884815573692322,0.754701481188337,0.0022428323835279656,0.7543150186538696,0.7469334602355957,0.7672925591468811
85171,362,606.3911709785461,318,3637,28248.477400541306,65175040,31500,3.996003996003996,3.9593071212537807,2322.5886649387567,2369.4651047304683,1.1329435529991283,0.1446276174861879,235.27900552486187,14964.576716544467,225.0,5461.599642478751,0.027777777777777776,2.11111111111111,1.0,232.36111111111111,0.0,0.0,1.0,234.71875,0.0,0.0,1.0,241.56666666666666,0.0,0.0,1.0,232.07142857142858,0.9642857142857143,73.28571428571425,1.0,228.14285714285714,0.0,0.0,1.0,233.6315789473684,0.0,0.0,1.0,234.05263157894737,0.0,0.0,1.0,244.55,0.0,0.0,1.0,233.84615384615384,0.0,0.0,1.0,232.97619047619048,0.0,0.0,1.0,243.28125,0.0,0.0,1.0,235.2962962962963,0.0,0.0,1.0,234.0,0.07734806629834254,5.878453038674031,0.1320754716981132,10.037735849056599,0.0,0.0,0.0,0.0,0.0,0.0,15.154067341041564,69.77004824564077,6.0028159618377686,5.332406044006348,1587.44873046875,nan,nan,nan,nan,nan,0.0074323644,3.758766,-0.09546471,-67.822,902.5563,0.11192893,3.8203833,-0.10675424,-3.189901,902.5733,7.276212752532959,0.11084094685210844,7.274636268615723,7.097815990447998,7.476770877838135,2.640859372282028,3.2571188454055817,1.1334972381591797,0.7252433896064758,16.897960662841797,4.5121712339401245,0.07961562435662028,4.511458396911621,4.0930938720703125,5.176169395446777,8.000929417750239,68.70777526216585,0.3514062315225601,0.05654020607471466,1572.6761474609375,nan,nan,nan,nan,nan,nan,nan,nan,nan,nan,nan,nan,nan,nan,nan,nan,nan,nan,nan,nan,9.99999993922529e-09,0.0,9.99999993922529e-09,9.99999993922529e-09,9.99999993922529e-09,7.500000010207675e-11,4.429514216900046e-18,7.499999926663392e-11,7.499998538884611e-11,7.500001314442173e-11,10.732530794906616,0.18658571314919728,10.709688186645508,10.48370361328125,11.071252822875977,-3.1362426898431294e-05,2.5773942822224866e-05,-2.6260840058967005e-05,-0.0004782986652571708,-3.172001243001432e-06,0.0016013984038960188,0.0007890565952237325,0.0014153355150483549,0.0005270253750495613,0.006332896184176207,4.136242740423768e-05,2.577394244529952e-05,3.626084071584046e-05,1.317200167250121e-05,0.0004882986540906131,0.07809345666021109,0.010020750725565053,0.07600202411413193,0.05473972111940384,0.1032014861702919,0.7526708498716355,0.0023033219664901046,0.7525738179683685,0.7474239468574524,0.7607316970825195
84602,360,649.6212389469147,342,3911,30355.03261756897,70085120,33900,4.004171011470282,3.9624502319465242,2330.8574872905974,2379.692799381904,1.1393007791110192,0.1467823936108533,235.00555555555556,11507.402208724576,224.9777777777778,4053.4986287385464,0.0,0.0,1.0,232.33333333333334,0.0,0.0,1.0,234.56666666666666,0.0,0.0,1.0,241.35714285714286,0.0,0.0,1.0,231.96428571428572,0.9642857142857143,72.39285714285711,1.0,228.21428571428572,0.0,0.0,1.0,233.5,0.0,0.0,1.0,234.21052631578948,0.0,0.0,1.0,244.52631578947367,0.0,0.0,1.0,234.14285714285714,0.0,0.0,1.0,233.02325581395348,0.0,0.0,1.0,242.1,0.10714285714285714,7.297619047619048,1.0,234.67857142857142,0.0,0.0,1.0,234.0,0.08333333333333333,6.198148148148145,0.12980769230769232,9.745192307692303,0.019736842105263157,1.344298245614035,0.0,0.0,0.0,0.0,28.19330349544684,384.2685823821758,6.214900970458984,5.38240909576416,11184.701171875,nan,nan,nan,nan,nan,0.0109201595,5.973766,-0.10014045,-82.801094,1930.0886,0.097940534,6.0251646,-0.20062813,-3.342818,1929.9951,7.693301106095314,0.12827728444998152,7.676493167877197,7.477193355560303,7.880870819091797,2.898070977777243,3.2688886103825032,1.218498408794403,0.7356073260307312,15.535720825195312,4.542714273730914,0.07626082473363789,4.54604959487915,4.111237525939941,4.957818984985352,20.752403677698847,383.7634819218933,0.4563664644956589,0.06381848454475403,11167.2958984375,nan,nan,nan,nan,nan,nan,nan,nan,nan,nan,nan,nan,nan,nan,nan,nan,nan,nan,nan,nan,9.99999993922529e-09,0.0,9.99999993922529e-09,9.99999993922529e-09,9.99999993922529e-09,7.50000003566185e-11,4.397172338715151e-18,7.499999926663392e-11,7.499999232774002e-11,7.500001314442173e-11,11.492330410877864,0.2641161602919365,11.452313423156738,11.071563720703125,11.930909156799316,-3.719566234129464e-05,2.000416415938606e-05,-3.278109943494201e-05,-0.00018624000949785113,-4.510056442086352e-06,0.0030684815633382338,0.0015112762699291756,0.002771527855657041,0.0008162906160578132,0.01087644137442112,4.719566295420918e-05,2.000416430423336e-05,4.278109918232076e-05,1.4510057553707156e-05,0.00019624004198703915,0.04662533380401631,0.011126070355934431,0.046978916972875595,0.0167692843824625,0.07137910276651382,0.7594322774807613,0.0019614053408372398,0.759600967168808,0.7509130835533142,0.7659022212028503
85124,362,692.8400726318359,367,4197,32551.6811106205,75210240,36400,3.996003996003996,3.9647367167024066,2333.154355925336,2379.9802225754897,1.1380974279262417,0.14465149706828234,235.14917127071823,12230.434274959152,224.96132596685084,3626.6328688249596,0.06481481481481481,1.4537037037037026,1.0,232.25,0.020833333333333332,1.6250000000000029,1.0,234.6875,0.0,0.0,1.0,241.53333333333333,0.0,0.0,1.0,231.89285714285714,0.9523809523809523,75.08333333333329,1.0,228.21428571428572,0.0,0.0,1.0,234.2,0.0,0.0,1.0,234.3,0.0,0.0,1.0,244.44444444444446,0.0,0.0,1.0,233.89285714285714,0.0,0.0,1.0,233.0681818181818,0.0,0.0,1.0,243.33333333333334,0.0,0.0,1.0,235.7037037037037,0.0,0.0,1.0,234.0,0.08195211786372007,6.095764272559849,0.139937106918239,10.408805031446535,0.0,0.0,0.0,0.0,0.0,0.0,11.194857943344116,20.94418622320788,6.174432754516602,5.447458744049072,396.6338195800781,nan,nan,nan,nan,nan,-0.0025690605,2.710001,-0.08944207,-173.92177,418.2772,0.012633753,2.8418806,-0.24160177,-4.017688,440.1474,8.065973881149292,0.09786637129442954,8.093564987182617,7.881100654602051,8.188067436218262,2.5109248492240908,2.723715401420238,1.2234657406806946,0.8172623515129089,15.816183090209961,4.555300542831421,0.06940519620848028,4.553287982940674,4.19778299331665,5.078492164611816,4.128485620258749,19.401657074131826,0.39946727454662323,0.047335755079984665,376.4808044433594,nan,nan,nan,nan,nan,nan,nan,nan,nan,nan,nan,nan,nan,nan,nan,nan,nan,nan,nan,nan,0.0031111283571418455,0.007669598203624121,9.99999993922529e-09,9.99999993922529e-09,0.037616580724716187,2.3333461989380974e-05,5.752198473775597e-05,7.499999926663392e-11,7.499998538884611e-11,0.0002821243542712182,12.357868254852296,0.2671180978991078,12.406379222869873,11.931251525878906,12.652800559997559,-4.5406356015433854e-05,7.28442718076052e-05,-2.6874180548475124e-05,-0.0011461807880550623,1.9831871611586394e-07,0.004093847758159973,0.003631161009679856,0.003040008246898651,0.0009452144731767476,0.05287839472293854,5.540635618453962e-05,7.284426982398292e-05,3.687418211484328e-05,9.801680789678358e-06,0.0011561806313693523,0.03483688679235056,0.008652262585078103,0.035671740770339966,0.001976278144866228,0.09072864055633545,0.7609892125606537,0.0019027004539311533,0.7611786425113678,0.7546840906143188,0.767424464225769
85336,363,735.8611345291138,391,4471,34666.48286342621,80120320,38800,4.004171011470282,3.967153401284468,2321.7684558308083,2369.980578324163,1.1348581477275197,0.14408052783319297,235.0853994490358,12524.944067489942,224.9944903581267,3975.029364359196,0.018518518518518517,0.7129629629629624,1.0,232.25,0.010416666666666666,1.6145833333333361,1.0,234.5,0.0,0.0,1.0,241.48275862068965,0.0,0.0,1.0,232.32142857142858,0.9642857142857143,72.3928571428571,1.0,228.28571428571428,0.0,0.0,1.0,233.6,0.0,0.0,1.0,234.3,0.0,0.0,1.0,244.94444444444446,0.0,0.0,1.0,234.07142857142858,0.0,0.0,1.0,232.86363636363637,0.0,0.0,1.0,242.67857142857142,0.023809523809523808,0.916666666666666,1.0,235.46428571428572,0.0,0.0,1.0,234.0,0.07897153351698806,5.867768595041318,0.13270142180094788,9.973143759873611,0.0043859649122807015,0.16885964912280688,0.0,0.0,0.0,0.0,13.670585044225056,114.73728420600874,6.113046646118164,5.490393161773682,3881.28662109375,nan,nan,nan,nan,nan,3.6099711e-06,3.471828,-0.08927579,-188.83986,1428.9178,0.03981396,3.5167615,-0.17384776,-2.8060408,1428.5996,8.315481597979863,0.0716675865287495,8.319972038269043,8.1873140335083,8.451323509216309,2.303716394926111,2.4434678074789082,1.2183494567871094,0.872508704662323,15.445941925048828,4.552634215156237,0.05238715953822436,4.551629304885864,4.2739033699035645,4.922093868255615,6.814105811724439,114.30179400974072,0.3495370149612427,0.04711143672466278,3868.11669921875,nan,nan,nan,nan,nan,nan,nan,nan,nan,nan,nan,nan,nan,nan,nan,nan,nan,nan,nan,nan,5.228849440301072e-05,0.0004493380859146544,9.99999993922529e-09,9.99999993922529e-09,0.005044220946729183,3.921637216356087e-07,3.370035755001306e-06,7.499999926663392e-11,7.499998538884611e-11,3.783165448112413e-05,12.81403216600418,0.10909329475246224,12.79594898223877,12.652848243713379,13.027735710144043,-2.0853040543045153e-05,1.391414050210657e-05,-1.771543156792177e-05,-0.00022093232837505639,-2.4173878045985475e-06,0.0028707216658707085,0.00135264067175002,0.002585743204690516,0.0010824877535924315,0.01596033200621605,3.085304108670547e-05,1.3914140917586434e-05,2.7715432224795222e-05,1.24173875519773e-05,0.00023093234631232917,0.03282475117807432,0.00834205879948945,0.03353424556553364,0.006799376104027033,0.06675463169813156,0.7619216275215149,0.00095462933994841,0.761898010969162,0.7592379450798035,0.7653281688690186
84618,360,779.0656008720398,415,4745,36785.19858145714,85030400,41200,4.004171011470282,3.9692909829896132,2317.4793853718515,2365.720733147871,1.1327616912336345,0.14410414546590625,235.05,15993.03552334076,225.0,4900.322795731591,0.10476190476190476,6.533333333333327,1.0,231.82857142857142,0.06451612903225806,4.90322580645161,1.0,234.0,0.0,0.0,1.0,241.44827586206895,0.0,0.0,1.0,232.07142857142858,0.9642857142857143,75.96428571428567,1.0,228.17857142857142,0.0,0.0,1.0,234.75,0.0,0.0,1.0,234.1578947368421,0.0,0.0,1.0,244.21052631578948,0.0,0.0,1.0,233.71428571428572,0.0,0.0,1.0,233.02325581395348,0.0,0.0,1.0,243.0,0.0,0.0,1.0,235.46428571428572,0.0,0.0,1.0,234.0,0.09074074074074073,6.965740740740737,0.15629984051036683,11.998405103668254,0.0,0.0,0.0,0.0,0.0,0.0,15.289382378458976,86.34954051396772,6.143751621246338,5.490837097167969,1611.48388671875,nan,nan,nan,nan,nan,0.0030800286,3.8621688,-0.09655008,-82.291885,1542.5593,0.031974617,3.91903,-0.20450729,-3.1509144,1542.3761,8.59988054672877,0.07525297749669732,8.611714839935303,8.451322555541992,8.687726974487305,2.2426631147166094,2.1649155417853576,1.2381616830825806,0.8883672952651978,12.678868293762207,4.55353748758634,0.051001476327742816,4.552652597427368,4.269730567932129,4.882165908813477,8.493047115824496,85.88579654340681,0.35809363424777985,0.05003979429602623,1597.70556640625,nan,nan,nan,nan,nan,nan,nan,nan,nan,nan,nan,nan,nan,nan,nan,nan,nan,nan,nan,nan,3.0486612338831432e-06,4.2015083408271416e-05,9.99999993922529e-09,9.99999993922529e-09,0.0007552746101282537,2.2864958610484726e-08,3.151131165200858e-07,7.499999926663392e-11,7.499998538884611e-11,5.664559012075188e-06,13.463924725850424,0.25572748470711365,13.5208101272583,13.027885437011719,13.8379487991333,-3.0313196815257017e-05,2.5666373590896776e-05,-2.2971767975832336e-05,-0.0003095374850090593,-3.390318397578085e-06,0.0035787086827137196,0.0013616745646687042,0.003333948669023812,0.00113818165846169,0.015290644951164722,4.031319711505906e-05,2.5666373116734233e-05,3.297176954220049e-05,1.3390319509198889e-05,0.00031953747384250164,0.016559387200716175,0.006635222355163899,0.016834771260619164,-0.009054734371602535,0.04916660487651825,0.7620044690867265,0.0010739256060805257,0.7619549334049225,0.7585246562957764,0.7662273049354553
85356,363,822.3928337097168,440,5031,39001.09446024895,90155520,43700,3.996003996003996,3.970809552204901,2312.8884570128857,2359.0140682294477,1.1282118550457774,0.1431907888045669,235.1404958677686,13080.830877335962,224.93939393939394,3919.8461015230114,0.019047619047619046,0.7333333333333327,1.0,232.45714285714286,0.0,0.0,1.0,234.53125,0.0,0.0,1.0,241.6,0.0,0.0,1.0,232.03703703703704,0.988095238095238,75.9880952380952,1.0,228.10714285714286,0.0,0.0,1.0,234.35,0.0,0.0,1.0,234.3,0.0,0.0,1.0,244.72222222222223,0.0,0.0,1.0,233.7037037037037,0.0,0.0,1.0,232.69767441860466,0.0,0.0,1.0,242.61290322580646,0.03571428571428571,2.7142857142857126,1.0,235.14285714285714,0.0,0.0,1.0,234.0,0.0808080808080808,6.141414141414138,0.1349206349206349,10.253968253968248,0.006535947712418301,0.4967320261437906,0.0,0.0,0.0,0.0,50.27798672771454,757.2789091410419,6.3252317905426025,5.583574295043945,19390.1328125,nan,nan,nan,nan,nan,0.018959545,8.699969,-0.10889686,-55.10604,2645.774,0.09536469,8.729172,-0.15439856,-3.2472847,2645.154,8.778900770568848,0.05906804840251943,8.768430233001709,8.687376022338867,8.868553161621094,2.1156805799484255,1.9168911308108396,1.3170462846755981,0.9044579267501831,12.983503341674805,4.571001361846924,0.045480657679590836,4.570347309112549,4.309104919433594,4.823245048522949,43.59113468082845,756.8652363551267,0.4321517050266266,0.07148618251085281,19376.193359375,nan,nan,nan,nan,nan,nan,nan,nan,nan,nan,nan,nan,nan,nan,nan,nan,nan,nan,nan,nan,0.003813890662177039,0.008821567347038916,9.99999993922529e-09,9.99999993922529e-09,0.03758825734257698,2.8604179640295345e-05,6.616175457828941e-05,7.500000620552782e-11,7.499999232774002e-11,0.00028191186720505357,14.29341891670227,0.26037869510065165,14.258100032806396,13.838238716125488,14.74921989440918,-3.289974430053917e-05,2.0362226666547178e-05,-2.87090315396199e-05,-0.00022743639419786632,-2.1083867522975197e-06,0.00582187052811496,0.0022018963134649338,0.005355811677873135,0.0016611948376521468,0.021472984924912453,4.289974473649636e-05,2.036222633606442e-05,3.870903128699865e-05,1.2108386727049947e-05,0.00023743638303130865,0.025811675793584437,0.007972092273204577,0.0263697924092412,0.000627679459284991,0.06128082424402237,0.7653396675348282,0.001272671744998014,0.7652507424354553,0.7614938616752625,0.769037663936615
84641,360,865.6030921936035,464,5305,41127.25148105621,95065600,46100,4.004171011470282,3.972532651137741,2309.3684765275357,2357.2758021540376,1.1287971568011286,0.14517131979799855,235.11388888888888,20191.650746428662,225.0,6556.632333926797,0.18095238095238098,11.609523809523802,1.0,231.71428571428572,0.0,0.0,1.0,234.9375,0.0,0.0,1.0,241.55172413793105,0.0,0.0,1.0,232.1851851851852,1.0,75.99999999999997,1.0,228.07407407407408,0.0,0.0,1.0,234.3684210526316,0.0,0.0,1.0,233.85,0.0,0.0,1.0,244.31578947368422,0.0,0.0,1.0,234.22222222222223,0.0,0.0,1.0,232.95454545454547,0.0,0.0,1.0,242.06896551724137,0.0,0.0,1.0,235.67857142857142,0.0,0.0,1.0,234.0,0.0925925925925926,6.828703703703701,0.16025641025641027,11.81891025641025,0.0,0.0,0.0,0.0,0.0,0.0,22.208875947793324,246.89104797804904,6.120883941650391,5.54819393157959,6750.8701171875,nan,nan,nan,nan,nan,0.0035754326,5.216894,-0.09668735,-53.37963,1474.9932,0.06266392,5.2592754,-0.21355726,-3.2058592,1474.7468,8.903010131518046,0.017255745223202345,8.903263568878174,8.867594718933105,8.935491561889648,1.8292579466601213,1.6222276738560464,1.2462748885154724,0.9259176850318909,11.926758766174316,4.576612396637599,0.040086563209178944,4.575151443481445,4.301764011383057,4.862921237945557,15.802855875270131,246.4422830568936,0.30259260535240173,0.051613371819257736,6736.62646484375,nan,nan,nan,nan,nan,nan,nan,nan,nan,nan,nan,nan,nan,nan,nan,nan,nan,nan,nan,nan,1.9562897852417236e-06,2.6793911748455346e-05,9.99999993922529e-09,9.99999993922529e-09,0.0004911217256449163,1.4672173841506879e-08,2.0095434390976652e-07,7.499999926663392e-11,7.499998538884611e-11,3.683413297039806e-06,14.989440295696259,0.10868565913520642,15.005971908569336,14.749485969543457,15.181995391845703,-1.4935408557619212e-05,1.0882952611082055e-05,-1.1743107279471587e-05,-8.520041592419147e-05,-4.511751967584132e-07,0.0032767561627163864,0.0011881464737764093,0.0029969896422699094,0.0015331422910094261,0.010644703172147274,2.4935408907064507e-05,1.0882952740570351e-05,2.174310702685034e-05,1.0451175512571353e-05,9.520041930954903e-05,0.04229263903223909,0.007052924679263646,0.04257845692336559,0.015546404756605625,0.06672171503305435,0.7673584841440121,0.0009556276833875922,0.7674972414970398,0.7640076279640198,0.7698513269424438
84926,361,909.1165916919708,489,5591,43340.18413352966,100190720,48600,3.996003996003996,3.9737332958581395,2315.9855290993723,2362.438809010951,1.1297225865440088,0.14434811295209835,235.25207756232686,18964.049331346752,225.0,6362.265619105059,0.22857142857142856,18.17142857142857,1.0,231.34285714285716,0.0,0.0,1.0,234.70967741935485,0.0,0.0,1.0,241.6451612903226,0.0,0.0,1.0,231.71428571428572,0.9404761904761905,69.71428571428568,1.0,228.60714285714286,0.0,0.0,1.0,233.5,0.0,0.0,1.0,234.05263157894737,0.0,0.0,1.0,246.6,0.0,0.0,1.0,233.92307692307693,0.0,0.0,1.0,233.11363636363637,0.0,0.0,1.0,242.7,0.0,0.0,1.0,235.52,0.0,0.0,1.0,234.0,0.09510618651892888,7.168975069252075,0.16194968553459116,12.207547169811317,0.0,0.0,0.0,0.0,0.0,0.0,32.44428429775238,439.1486248997578,6.012650489807129,5.532741069793701,10108.501953125,nan,nan,nan,nan,nan,0.01225956,6.8534937,-0.08938001,-104.26808,2478.024,-0.033273853,6.909108,-0.3095894,-3.0620625,2476.9993,8.960018194198609,0.03813415866501018,8.967487812042236,8.887795448303223,9.038532257080078,1.9489990354537965,1.94239669734192,1.190666913986206,0.9266515374183655,12.58159065246582,4.577671165657043,0.04376988334045099,4.57999849319458,4.299429416656494,4.866544723510742,25.91745857244581,438.74493881058686,0.23573299497365952,0.043059539049863815,10095.2255859375,nan,nan,nan,nan,nan,nan,nan,nan,nan,nan,nan,nan,nan,nan,nan,nan,nan,nan,nan,nan,1.7633139799835718e-05,0.00015171654071397022,9.99999993922529e-09,9.99999993922529e-09,0.001853576279245317,1.3224854138857156e-07,1.1378739910650923e-06,7.499999926663392e-11,7.499998538884611e-11,1.390182205796009e-05,15.614957448196412,0.2519307427466576,15.589676856994629,15.182210922241211,15.99794864654541,-1.5121423280913859e-05,1.0397344477605841e-05,-1.3142595889803488e-05,-0.00013632638729177415,1.8038076632365119e-06,0.003382830813783221,0.0017012462550860241,0.003072813735343516,0.0009583666105754673,0.014421926811337471,2.512142362429586e-05,1.0397344581528252e-05,2.3142597456171643e-05,8.19619253888959e-06,0.00014632637612521648,0.047138342848420146,0.008291998779086941,0.04732508771121502,0.02306107059121132,0.08373238146305084,0.7686334927558899,0.0010249149806396858,0.7685773968696594,0.764556348323822,0.7743895053863525
85540,363,952.3188824653625,513,5865,45469.41520380974,105100800,51000,4.004171011470282,3.9751552795031055,2306.0343560335787,2353.793029241507,1.1271674706889885,0.14410416725734929,235.6473829201102,19372.788369596416,225.0,6851.714571107,0.12962962962962962,10.546296296296289,1.0,232.0,0.0,0.0,1.0,235.03125,0.0,0.0,1.0,241.61290322580646,0.0,0.0,1.0,231.92307692307693,0.0,0.0,1.0,233.92857142857142,0.18333333333333332,7.683333333333327,1.0,232.4,0.0,0.0,1.0,233.78947368421052,0.0,0.0,1.0,245.16666666666666,0.0,0.0,1.0,233.85714285714286,0.0,0.0,1.0,233.13953488372093,0.0,0.0,1.0,243.7,0.0,0.0,1.0,235.5,0.0,0.0,1.0,234.0,0.02295684113865932,1.4692378328741957,0.03968253968253968,2.539682539682538,0.0,0.0,0.0,0.0,0.0,0.0,9.494766487081845,14.322787406862268,6.323849678039551,5.580045223236084,349.478515625,nan,nan,nan,nan,nan,0.002737173,2.2243693,-0.070707425,-103.3658,557.5398,0.038659893,2.4514577,-0.32815397,-3.30334,558.8255,9.144360065062841,0.0829041961681162,9.124045372009277,9.038352012634277,9.285931587219238,2.2903470723579327,2.025092531316891,1.318428099155426,0.9704785346984863,12.975930213928223,4.5814083154996235,0.048727918547788115,4.581512689590454,4.314477443695068,4.857732772827148,2.6228507422702387,13.43893953149693,0.4105943590402603,0.049479857087135315,339.8730163574219,nan,nan,nan,nan,nan,nan,nan,nan,nan,nan,nan,nan,nan,nan,nan,nan,nan,nan,nan,nan,9.99999993922529e-09,0.0,9.99999993922529e-09,9.99999993922529e-09,9.99999993922529e-09,7.499999993161125e-11,4.328609188893537e-18,7.499999926663392e-11,7.499998538884611e-11,7.500001314442173e-11,16.034885330994925,0.09550682159732132,15.992285251617432,15.950057983398438,16.232566833496094,-3.7199785449778627e-06,6.205242478016641e-06,-2.21047457671375e-06,-6.203060911502689e-05,4.671556325774873e-06,0.0013427983623356947,0.00043212467109265024,0.0012574878055602312,0.0005630854866467416,0.004145887680351734,1.3719978719564096e-05,6.20524254134953e-06,1.2210475233587204e-05,5.328444331098581e-06,7.203060522442684e-05,0.09016101901885122,0.0170816678560311,0.09424576908349991,0.055148929357528687,0.11708147823810577,0.7692679617057244,0.0009268860427280725,0.769209235906601,0.766704261302948,0.7719719409942627
84731,360,996.0254051685333,537,6140,47598.436561346054,110028800,53400,3.9896103896103896,3.975802698929735,2314.6785176935173,2363.1923188204387,1.127278498876713,0.14326834085422,235.36388888888888,16286.728375568697,225.0,5880.154029165599,0.06481481481481483,4.231481481481479,1.0,232.0,0.0,0.0,1.0,234.68965517241378,0.0,0.0,1.0,241.2258064516129,0.0,0.0,1.0,232.21428571428572,1.0,75.99999999999997,1.0,228.14285714285714,0.0,0.0,1.0,234.65,0.0,0.0,1.0,233.85,0.0,0.0,1.0,245.6,0.0,0.0,1.0,234.17857142857142,0.0,0.0,1.0,233.11363636363637,0.0,0.0,1.0,243.0,0.0,0.0,1.0,235.6818181818182,0.0,0.0,1.0,234.0,0.08425925925925926,6.334259259259256,0.1430817610062893,10.756289308176095,0.0,0.0,0.0,0.0,0.0,0.0,35.940403823256496,406.3482035585903,6.508211374282837,5.704601764678955,8047.5498046875,nan,nan,nan,nan,nan,0.012711877,7.1728597,-0.06673445,-27.712917,2368.5676,0.057914007,7.223025,-0.28876236,-3.1774943,2368.1885,9.313003417650858,0.012788280677859924,9.317243576049805,9.285998344421387,9.337099075317383,1.9746487879753112,1.3620537888204973,1.3992960453033447,0.992885947227478,10.115276336669922,4.591072074373563,0.035780550815351905,4.589827299118042,4.381364822387695,4.782362461090088,29.37452043289629,405.9370834529515,0.5212748348712921,0.07504935562610626,8035.02099609375,nan,nan,nan,nan,nan,nan,nan,nan,nan,nan,nan,nan,nan,nan,nan,nan,nan,nan,nan,nan,9.99999993922529e-09,0.0,9.99999993922529e-09,9.99999993922529e-09,9.99999993922529e-09,7.499999988535197e-11,4.335463106765586e-18,7.499999926663392e-11,7.499998538884611e-11,7.500001314442173e-11,16.249046285152435,0.07219283182717486,16.238102912902832,16.136686325073242,16.357576370239258,-7.645070050667687e-07,4.893703487797513e-06,3.1895243068902346e-07,-2.7033880542148836e-05,7.309044576686574e-06,0.001394475569225809,0.0009477265381866968,0.0011332500725984573,0.00021442965953610837,0.006427493412047625,1.0764507195422841e-05,4.893703457716334e-06,9.6810472314246e-06,2.690956989681581e-06,3.70338857464958e-05,0.11543701773198943,0.004162337782223501,0.1154017485678196,0.10353490710258484,0.13239052891731262,0.7709155976772308,0.0005951104250095711,0.7709554433822632,0.7690573334693909,0.7730635404586792
85153,362,1039.5481097698212,562,6425,49810.34604263306,115136000,55900,4.010025062656641,3.9773207337409673,2308.9552457763184,2355.2993658290675,1.130245166518013,0.1442009648164216,235.2292817679558,20418.98416168286,225.0,7459.561981273446,0.17647058823529413,13.411764705882346,1.0,231.47058823529412,0.0,0.0,1.0,234.3125,0.0,0.0,1.0,241.19354838709677,0.0,0.0,1.0,232.28571428571428,1.0,75.99999999999997,1.0,227.96296296296296,0.0,0.0,1.0,234.89473684210526,0.0,0.0,1.0,233.73684210526315,0.0,0.0,1.0,245.88888888888889,0.0,0.0,1.0,233.69230769230768,0.0,0.0,1.0,233.2325581395349,0.0,0.0,1.0,242.63636363636363,0.0,0.0,1.0,235.39285714285714,0.0,0.0,1.0,234.0,0.09116022099447514,6.928176795580108,0.15865384615384615,12.057692307692303,0.0,0.0,0.0,0.0,0.0,0.0,7.134098480224609,5.203640540499064,6.353136301040649,5.657471179962158,151.22108459472656,nan,nan,nan,nan,nan,0.000554255,1.3025323,-0.050048955,-24.293144,375.79886,-0.029565962,1.461701,-0.2745501,-3.2381418,375.65143,9.189348162078858,0.09691304350213319,9.195357322692871,9.001564025878906,9.320637702941895,1.6252276172161102,0.7461832111702673,1.3661587238311768,1.022871494293213,8.827188491821289,4.586530179595948,0.03096421266764689,4.585615158081055,4.405165195465088,4.827252388000488,0.9221854353785515,4.881096998590017,0.39433553814888,0.05933729559183121,140.7498016357422,nan,nan,nan,nan,nan,nan,nan,nan,nan,nan,nan,nan,nan,nan,nan,nan,nan,nan,nan,nan,9.99999993922529e-09,0.0,9.99999993922529e-09,9.99999993922529e-09,9.99999993922529e-09,7.499999995497219e-11,4.400371444093119e-18,7.499999926663392e-11,7.499998538884611e-11,7.500001314442173e-11,15.524024541854859,0.36771341529394386,15.504945278167725,14.936752319335938,16.136314392089844,4.071150464226037e-06,2.2449389380281934e-06,4.449602784006856e-06,-1.021163825498661e-05,8.034452548599802e-06,0.0007498908435576595,0.0003055996276741163,0.0006717510404996574,0.00028987915720790625,0.0025284062139689922,5.928849904285016e-06,2.2449387286967966e-06,5.550397190745571e-06,1.965548335647327e-06,2.021163709287066e-05,0.12489791966676712,0.004055538390887024,0.12507443875074387,0.11279095709323883,0.13663500547409058,0.7707537509202957,0.0006408943809514433,0.7707615792751312,0.7690314650535583,0.7730496525764465
84909,361,1082.7892305850983,586,6700,51947.25647497177,120064000,58300,3.9896103896103896,3.9778251599147123,2306.133156272073,2353.762350566332,1.1231167968857498,0.14554210023648304,235.2049861495845,20214.196143782534,225.0,7129.248519482006,0.18518518518518517,12.027777777777779,1.0,231.94444444444446,0.0,0.0,1.0,234.55172413793105,0.0,0.0,1.0,241.70967741935485,0.0,0.0,1.0,231.78571428571428,0.9523809523809523,73.27380952380949,1.0,227.92857142857142,0.0,0.0,1.0,233.85,0.0,0.0,1.0,233.95,0.0,0.0,1.0,246.0,0.0,0.0,1.0,234.17857142857142,0.0,0.0,1.0,232.95238095238096,0.0,0.0,1.0,243.10344827586206,0.0,0.0,1.0,235.32142857142858,0.0,0.0,1.0,234.0,0.09233610341643582,6.882733148661123,0.15797788309636648,11.775671406003154,0.0,0.0,0.0,0.0,0.0,0.0,8.14440877934297,57.13611672529394,6.316932916641235,5.6026997566223145,2803.832275390625,nan,nan,nan,nan,nan,0.002215788,1.9247838,-0.060896315,-39.538822,1107.6923,-0.014996001,2.012075,-0.22776248,-3.48291,1107.2435,8.827833218971888,0.09921132793753405,8.818107604980469,8.661847114562988,9.001349449157715,1.5685014821092287,0.7583168803051379,1.3315762877464294,0.9673702716827393,9.046713829040527,4.590589317282041,0.030344021499004878,4.590229749679565,4.425168037414551,4.812556266784668,1.9851741001320382,56.96626750862746,0.3930611312389374,0.06461640447378159,2790.54736328125,nan,nan,nan,nan,nan,nan,nan,nan,nan,nan,nan,nan,nan,nan,nan,nan,nan,nan,nan,nan,9.99999993922529e-09,0.0,9.99999993922529e-09,9.99999993922529e-09,9.99999993922529e-09,7.49999999518497e-11,4.487083395181081e-18,7.499999926663392e-11,7.499998538884611e-11,7.500001314442173e-11,14.384811110496521,0.3294864394003906,14.375919342041016,13.904349327087402,14.936222076416016,3.073081143999956e-06,3.000260611799029e-06,3.7095536526976503e-06,-1.854937909229193e-05,7.869822184147779e-06,0.0011486766478265053,0.0006992814670480439,0.0009737331420183182,0.00035834164009429514,0.009421294555068016,6.926919152855741e-06,3.000260500357539e-06,6.290445753620588e-06,2.1301784727256745e-06,2.854937883967068e-05,0.12287747296194236,0.006414418984165628,0.12372828647494316,0.09557459503412247,0.1507246047258377,0.7712704528868198,0.0005570638256420242,0.7712767422199249,0.7695305347442627,0.7734296917915344
84980,361,1126.2134385108948,611,6985,54161.999651908875,125171200,60800,4.010025062656641,3.9791389712649554,2306.0010086871757,2352.1187227160476,1.1287990526546716,0.14574745293252722,235.4016620498615,15240.223658818195,225.0,4871.1455063165595,0.0392156862745098,2.264705882352943,1.0,232.1764705882353,0.0,0.0,1.0,234.78125,0.0,0.0,1.0,241.41935483870967,0.0,0.0,1.0,231.77777777777777,0.8717948717948717,66.29487179487177,1.0,229.1153846153846,0.0,0.0,1.0,235.0,0.0,0.0,1.0,233.7,0.0,0.0,1.0,245.31578947368422,0.0,0.0,1.0,233.96296296296296,0.0,0.0,1.0,232.95238095238096,0.0,0.0,1.0,242.625,0.0,0.0,1.0,235.46428571428572,0.0,0.0,1.0,234.0,0.0664819944598338,4.9879963065558615,0.11538461538461539,8.657051282051277,0.0,0.0,0.0,0.0,0.0,0.0,8.594354487419128,57.55603220074264,6.224336862564087,5.530468940734863,2876.089111328125,nan,nan,nan,nan,nan,0.0012629321,2.0449007,-0.09038369,-25.118887,1111.1816,0.021417608,2.1316285,-0.20899522,-3.5037358,1110.8479,8.601209198760987,0.028924141161400973,8.601238250732422,8.552214622497559,8.661724090576172,1.7413355568408966,1.4567942239575624,1.2824724912643433,0.8980326056480408,12.823573112487793,4.579218593025208,0.03767945215582751,4.580049991607666,4.313996315002441,4.81293249130249,2.2736632174804807,57.327666767072984,0.3628445863723755,0.06249407306313515,2862.720458984375,nan,nan,nan,nan,nan,nan,nan,nan,nan,nan,nan,nan,nan,nan,nan,nan,nan,nan,nan,nan,9.99999993922529e-09,0.0,9.99999993922529e-09,9.99999993922529e-09,9.99999993922529e-09,7.499999984950101e-11,4.389331702169722e-18,7.499999926663392e-11,7.499998538884611e-11,7.500001314442173e-11,13.704730805969238,0.12888453401347305,13.662554740905762,13.539430618286133,13.928387641906738,1.0777133766910474e-07,3.609719239993655e-06,7.586741901377536e-07,-1.6333777239196934e-05,6.794096407247707e-06,0.0016297927797073498,0.0009669694781961293,0.0013921347563154995,0.0004993779584765434,0.014705955982208252,9.892228810986125e-06,3.609719245056004e-06,9.241325187758775e-06,3.2059040222520707e-06,2.6333776986575685e-05,0.10065752280056477,0.009555902589341945,0.10144566744565964,0.07344549149274826,0.1305263638496399,0.7697344404935836,0.0006969357798942929,0.7696976959705353,0.7677899599075317,0.7722298502922058
85430,363,1169.7484884262085,635,7260,56289.136051893234,130099200,63200,3.9896103896103896,3.9795356158992523,2316.729665307892,2365.135729940229,1.128277434403194,0.14488323362231606,235.3443526170799,18336.83722563572,225.0,6662.589719223962,0.10784313725490195,8.950980392156861,1.0,231.7058823529412,0.0,0.0,1.0,234.9375,0.0,0.0,1.0,241.48387096774192,0.0,0.0,1.0,231.96428571428572,0.8641975308641976,66.62962962962959,1.0,228.8148148148148,0.0,0.0,1.0,234.42105263157896,0.0,0.0,1.0,233.95,0.0,0.0,1.0,244.47619047619048,0.0,0.0,1.0,233.92592592592592,0.0,0.0,1.0,232.8139534883721,0.0,0.0,1.0,242.625,0.0,0.0,1.0,235.96153846153845,0.0,0.0,1.0,234.0,0.0743801652892562,5.794306703397609,0.12735849056603774,9.921383647798736,0.0,0.0,0.0,0.0,0.0,0.0,8.167850066224734,14.683588991091822,6.061711311340332,5.53081750869751,598.0053100585938,nan,nan,nan,nan,nan,-0.0007333089,1.8467638,-0.08622272,-48.15458,538.6487,-0.019362908,1.9531265,-0.27958846,-3.3914275,538.6385,8.659567728439967,0.014597279403585536,8.66407060623169,8.623299598693848,8.67862319946289,1.7533194987475873,1.6589741457827765,1.2199541926383972,0.9102698564529419,12.946714401245117,4.572538675268491,0.03864885035454485,4.572265148162842,4.270997524261475,4.917222023010254,1.8418517330832158,13.924365308729127,0.27079614996910095,0.03610978648066521,585.791015625,nan,nan,nan,nan,nan,nan,nan,nan,nan,nan,nan,nan,nan,nan,nan,nan,nan,nan,nan,nan,3.926494146345346e-06,3.708378684705049e-05,9.99999993922529e-09,9.99999993922529e-09,0.0005346255493350327,2.944870516543204e-08,2.781283912530821e-07,7.499999926663392e-11,7.499998538884611e-11,4.009692474937765e-06,14.013683680693308,0.1584637589277364,14.092809200286865,13.695343017578125,14.165953636169434,-2.634053736030225e-06,4.923479413181313e-06,-1.762244551173353e-06,-3.092014230787754e-05,6.531914550578222e-06,0.0019661663880954925,0.0014756284297895513,0.0016061874339357018,0.00035589656908996403,0.0162908174097538,1.2634053896931619e-05,4.923479413215706e-06,1.1762244866986293e-05,3.4680865610425826e-06,4.0920138417277485e-05,0.09035470046723883,0.0070602625811033055,0.0904407873749733,0.07051248103380203,0.12808600068092346,0.7679338036725919,0.0007142726201083029,0.7679047584533691,0.7654062509536743,0.7700706124305725
84636,360,1212.5493657588959,659,7534,58411.90618157387,135009280,65600,4.004171011470282,3.9804315673707764,2313.0530863173167,2360.650280987241,1.1305981587187093,0.14500869659780233,235.1,20236.80531566861,225.0,7125.474458115126,0.1333333333333333,10.180952380952382,1.0,231.94285714285715,0.0,0.0,1.0,234.59375,0.0,0.0,1.0,241.5,0.0,0.0,1.0,232.0,0.9285714285714286,72.40476190476188,1.0,228.46428571428572,0.0,0.0,1.0,233.4,0.0,0.0,1.0,233.95,0.0,0.0,1.0,244.72222222222223,0.0,0.0,1.0,234.39285714285714,0.0,0.0,1.0,233.04545454545453,0.0,0.0,1.0,243.55555555555554,0.0,0.0,1.0,235.53571428571428,0.0,0.0,1.0,234.0,0.08518518518518518,6.621296296296293,0.14673046251993618,11.405103668261559,0.0,0.0,0.0,0.0,0.0,0.0,15.74575921912988,130.88046297085626,6.003306865692139,5.52747106552124,3977.669677734375,nan,nan,nan,nan,nan,0.004858921,4.134129,-0.09026079,-61.0613,1232.2505,0.00019781885,4.1789618,-0.24715926,-3.5606935,1232.366,8.644852252403895,0.018313734039590673,8.638000011444092,8.617091178894043,8.675410270690918,1.6744536100824674,1.5694371924899206,1.1851934790611267,0.8843276500701904,15.547382354736328,4.572292536497116,0.03710169049354676,4.571667909622192,4.322331428527832,4.82750129699707,9.498871937105433,130.29899608490982,0.24494042992591858,0.04820539802312851,3957.294677734375,nan,nan,nan,nan,nan,nan,nan,nan,nan,nan,nan,nan,nan,nan,nan,nan,nan,nan,nan,nan,0.00012535871249858777,0.000731695249677641,9.99999993922529e-09,9.99999993922529e-09,0.006402843631803989,9.401903066370496e-07,5.487714132682837e-06,7.499999926663392e-11,7.499998538884611e-11,4.8021327529568225e-05,14.018779960870743,0.08084806540813097,14.006354331970215,13.883118629455566,14.154923439025879,-3.4869208399352043e-07,6.701263972239362e-06,1.3960472529106482e-06,-5.563727972912602e-05,7.75441549194511e-06,0.0021278954981729234,0.00203747706933266,0.001441107946448028,0.0002288944087922573,0.020358169451355934,1.0348692280975533e-05,6.701263973685732e-06,8.60395266499836e-06,2.245585164928343e-06,6.563728675246239e-05,0.07845788599457591,0.007617357357145598,0.07858022674918175,0.05059075728058815,0.11061166226863861,0.7674008606622617,0.0006441268673082307,0.7673826813697815,0.7650197148323059,0.7696869969367981
85195,362,1255.873581647873,684,7820,60623.938893318176,140134400,68100,3.996003996003996,3.98100109609061,2316.9277618677543,2363.2129489946365,1.1301822015229666,0.14616995039395825,235.34530386740332,19538.091882377717,225.0,7209.505648137613,0.1333333333333333,11.6,1.0,231.8,0.0,0.0,1.0,234.65625,0.0,0.0,1.0,241.58620689655172,0.0,0.0,1.0,231.89285714285714,0.5833333333333333,47.26190476190476,1.0,230.78571428571428,0.0,0.0,1.0,233.55,0.0,0.0,1.0,233.6315789473684,0.0,0.0,1.0,244.6315789473684,0.0,0.0,1.0,233.80769230769232,0.0,0.0,1.0,233.1590909090909,0.0,0.0,1.0,243.4,0.0,0.0,1.0,235.64285714285714,0.0,0.0,1.0,234.0,0.058011049723756904,4.777163904235727,0.1,8.234920634920634,0.0,0.0,0.0,0.0,0.0,0.0,37.916417821502684,364.03182805587016,6.052128314971924,5.554043769836426,10638.70703125,nan,nan,nan,nan,nan,0.0137993535,7.4208097,-0.08272141,-71.99867,2863.3152,0.05629083,7.4597244,-0.2334365,-4.276701,2863.4758,8.605091091156005,0.009345264635899256,8.603160381317139,8.590210914611816,8.627172470092773,1.7142432654857636,1.6647541075493082,1.201772153377533,0.9377149343490601,14.235062599182129,4.5754282028198245,0.03742319935273472,4.575366258621216,4.328734397888184,4.8504180908203125,31.626607391244175,363.53157581921556,0.2735184282064438,0.057341497391462326,10625.9345703125,nan,nan,nan,nan,nan,nan,nan,nan,nan,nan,nan,nan,nan,nan,nan,nan,nan,nan,nan,nan,9.915932577315978e-05,0.0006477485010012192,9.99999993922529e-09,9.99999993922529e-09,0.005592025350779295,7.436949170633561e-07,4.858113602829369e-06,7.499999926663392e-11,7.499998538884611e-11,4.1940187657019123e-05,13.8806063205719,0.08353092825143267,13.90868616104126,13.734671592712402,14.003124237060547,-9.275952010117994e-07,7.56765708059748e-06,1.0917642612184864e-06,-9.966231300495565e-05,7.531634309998481e-06,0.001591697255591862,0.0016185533592151888,0.0010301130241714418,0.00039081063005141914,0.016382761299610138,1.092759546418165e-05,7.5676570643665015e-06,8.908234576665564e-06,2.4683665742486482e-06,0.0001096623091143556,0.0808349237293005,0.007197625052278772,0.08073217049241066,0.0478784553706646,0.12069567292928696,0.7679064980745316,0.0008740169652414385,0.7678936421871185,0.7644739747047424,0.7730153203010559
85270,362,1299.1822483539581,708,8094,62748.91430425644,145044480,70500,4.004171011470282,3.981785449539341,2310.6526196611376,2358.7252924151803,1.1294248336456292,0.14474304472236743,235.55248618784532,20663.458413576835,225.0,8027.845398163925,0.17142857142857143,13.10476190476191,1.0,231.54285714285714,0.0,0.0,1.0,234.26666666666668,0.0,0.0,1.0,241.64285714285714,0.0,0.0,1.0,231.92857142857142,0.023809523809523808,0.023809523809523808,1.0,234.07142857142858,0.0,0.0,1.0,233.8,0.0,0.0,1.0,234.05,0.0,0.0,1.0,245.5,0.0,0.0,1.0,233.60714285714286,0.0,0.0,1.0,233.0909090909091,0.0,0.0,1.0,243.09677419354838,0.0,0.0,1.0,235.67857142857142,0.0,0.0,1.0,234.0,0.018416206261510127,1.2688766114180483,0.0322061191626409,2.2190016103059587,0.0,0.0,0.0,0.0,0.0,0.0,34.11430407027404,168.71086219596245,6.102835416793823,5.559551239013672,1903.1639404296875,nan,nan,nan,nan,nan,0.010232223,6.926775,-0.10077195,-53.47657,1210.3292,0.15303925,6.994591,-0.2341424,-3.7302074,1211.0864,8.697883307933807,0.04428350370975206,8.718333721160889,8.616541862487793,8.757600784301758,1.9824281792591016,2.10971274128427,1.2006721496582031,0.9177097082138062,13.273031234741211,4.587701999942461,0.04772287813002605,4.585321426391602,4.327897548675537,4.928423881530762,27.54403270776539,167.66543038773196,0.31807611882686615,0.05608493462204933,1890.3895263671875,nan,nan,nan,nan,nan,nan,nan,nan,nan,nan,nan,nan,nan,nan,nan,nan,nan,nan,nan,nan,9.99999993922529e-09,0.0,9.99999993922529e-09,9.99999993922529e-09,9.99999993922529e-09,7.500000005015069e-11,4.434924035198766e-18,7.499999926663392e-11,7.499998538884611e-11,7.500001314442173e-11,14.131645593643189,0.13628225450186543,14.18783950805664,13.87035083770752,14.277883529663086,-3.964405023009672e-06,9.167568646823516e-06,-9.89678028417984e-07,-7.156009087339044e-05,6.253027095226571e-06,0.001523306605279989,0.000849367304267147,0.0012867702753283083,0.0005409974837675691,0.008708194829523563,1.3964405287367754e-05,9.167568744050354e-06,1.0989677775796736e-05,3.746973334273207e-06,8.1560094258748e-05,0.08236359675725301,0.00726158300989781,0.08270767703652382,0.05357515066862106,0.10460110753774643,0.7698733177532753,0.0008615704808243357,0.7698794603347778,0.7674634456634521,0.7733785510063171
85268,362,1342.4909958839417,733,8380,64949.21063899994,150169600,73000,3.996003996003996,3.9822707125809753,2329.286250707436,2376.054470772749,1.1362105915117284,0.14556963518370833,235.54696132596686,19752.31118617797,225.0,6393.273820861958,0.14285714285714285,7.314285714285712,1.0,231.71428571428572,0.0,0.0,1.0,234.8709677419355,0.0,0.0,1.0,241.58064516129033,0.0,0.0,1.0,232.0,0.30864197530864196,34.654320987654316,1.0,231.37037037037038,0.0,0.0,1.0,234.3,0.0,0.0,1.0,233.68421052631578,0.0,0.0,1.0,245.21052631578948,0.0,0.0,1.0,234.21428571428572,0.0,0.0,1.0,233.04761904761904,0.0,0.0,1.0,243.5,0.0,0.0,1.0,235.46428571428572,0.0,0.0,1.0,234.0,0.036832412523020254,3.2918968692449346,0.06349206349206349,5.674603174603173,0.0,0.0,0.0,0.0,0.0,0.0,17.692884762001036,48.44179591975426,6.241857528686523,5.60591459274292,639.0100708007812,nan,nan,nan,nan,nan,-0.0005877124,4.3413353,-0.09792585,-15.696631,532.4439,0.17110294,4.4317822,-0.20956346,-3.4642868,535.2046,8.890456562042237,0.08706155237881416,8.870471477508545,8.757650375366211,9.0433349609375,2.3336441059589386,2.3430730086035423,1.2733594179153442,0.921695351600647,15.675586700439453,4.57759338054657,0.04912918412333147,4.577634572982788,4.363626956939697,4.928524971008301,10.781503008794784,47.03065188666964,0.3931777775287628,0.08034255355596542,625.8883666992188,nan,nan,nan,nan,nan,nan,nan,nan,nan,nan,nan,nan,nan,nan,nan,nan,nan,nan,nan,nan,9.99999993922529e-09,0.0,9.99999993922529e-09,9.99999993922529e-09,9.99999993922529e-09,7.500000006877005e-11,4.49175693012048e-18,7.499999926663392e-11,7.499998538884611e-11,7.500001314442173e-11,14.423237635421753,0.14270882960782744,14.413164138793945,14.179762840270996,14.609119415283203,-3.1073342777306223e-06,5.311903914894435e-06,-1.7614350440453563e-06,-3.612992077250965e-05,5.441119355964474e-06,0.0017837243797956034,0.001018854862042794,0.0015024684253148735,0.0005045828293077648,0.011339377611875534,1.310733452464774e-05,5.311904062455502e-06,1.1761435416701715e-05,4.558880391414277e-06,4.61299205198884e-05,0.07865223236978054,0.010074472281907061,0.07903709262609482,0.04875996708869934,0.11125347763299942,0.7686017060995102,0.0007807179042081714,0.7686161994934082,0.765683114528656,0.7712806463241577
84907,361,1385.8251588344574,757,8654,67073.64540719986,155079680,75400,4.004171011470282,3.982964112384034,2311.240652571515,2359.3669559341474,1.12971225849103,0.14652592438259718,235.1994459833795,16427.037348007303,225.0,5586.335302756702,0.018518518518518517,0.7129629629629624,1.0,232.47222222222223,0.0,0.0,1.0,234.51612903225808,0.0,0.0,1.0,241.46666666666667,0.15476190476190474,11.76190476190475,1.0,231.0,0.6666666666666666,50.666666666666636,1.0,230.0,0.0,0.0,1.0,233.95,0.0,0.0,1.0,234.52631578947367,0.0,0.0,1.0,244.88888888888889,0.0,0.0,1.0,233.92857142857142,0.0,0.0,1.0,233.02325581395348,0.0,0.0,1.0,242.27586206896552,0.0,0.0,1.0,235.39285714285714,0.0,0.0,1.0,234.0,0.06371191135734072,4.772853185595565,0.11004784688995216,8.244019138755977,0.0,0.0,0.0,0.0,0.0,0.0,9.267193135023117,18.92850765642285,6.1681153774261475,5.576096534729004,455.17510986328125,nan,nan,nan,nan,nan,-0.003979099,2.2514262,-0.07584916,-29.959785,437.90082,0.0079896925,2.3450692,-0.2538978,-4.2227583,439.0396,9.053203903834024,0.009798869663097648,9.053221702575684,9.033929824829102,9.073500633239746,1.8425815258920193,1.6109665669448157,1.2798625230789185,0.9348793625831604,13.223664283752441,4.574026773969332,0.04215255847310685,4.572373628616333,4.352084636688232,4.9824652671813965,2.85044171161484,18.038460752542065,0.3175249695777893,0.055754173547029495,442.3365478515625,nan,nan,nan,nan,nan,nan,nan,nan,nan,nan,nan,nan,nan,nan,nan,nan,nan,nan,nan,nan,2.7488061752122633e-05,0.0002374220009628885,9.99999993922529e-09,9.99999993922529e-09,0.0030598805751651525,2.0616045323533332e-07,1.7806649245532031e-06,7.499999926663392e-11,7.499999232774002e-11,2.2949103367864154e-05,14.289525652726491,0.11653609414217164,14.255302429199219,14.129464149475098,14.536375045776367,2.1084393405257362e-07,4.390692137469031e-06,1.197281562781427e-06,-3.3272281143581495e-05,6.3691950344946235e-06,0.002168274538659413,0.0016247600926858079,0.0018110344535671175,0.0005060007679276168,0.021067123860120773,9.789156335386906e-06,4.390692037149178e-06,8.802719094092026e-06,3.6308060771261808e-06,4.327227725298144e-05,0.07722344378009438,0.00973686995924168,0.07627986371517181,0.04525264725089073,0.12838871777057648,0.7677314629405737,0.0007488033754713512,0.7677069902420044,0.7650365829467773,0.7703103423118591
84705,360,1429.0249619483948,782,8940,69298.25407528877,160204800,77900,3.996003996003996,3.983381271971876,2303.8299155791833,2349.454099270287,1.1237931578085896,0.14387189651879273,235.29166666666666,16408.3775736885,225.0,5375.695166386942,0.10476190476190476,6.533333333333329,1.0,231.77142857142857,0.0,0.0,1.0,234.21875,0.0,0.0,1.0,241.71428571428572,0.0,0.0,1.0,231.89285714285714,0.4404761904761904,34.41666666666665,1.0,231.64285714285714,0.0,0.0,1.0,234.1,0.0,0.0,1.0,233.9,0.0,0.0,1.0,244.73684210526315,0.0,0.0,1.0,233.96428571428572,0.0,0.0,1.0,232.97727272727272,0.0,0.0,1.0,242.79310344827587,0.0,0.0,1.0,235.23076923076923,0.0,0.0,1.0,234.0,0.044444444444444446,3.3120370370370362,0.0761904761904762,5.677777777777776,0.0,0.0,0.0,0.0,0.0,0.0,9.824146636581421,20.13066207311046,6.065830945968628,5.553668022155762,314.7265319824219,nan,nan,nan,nan,nan,-0.0010639275,2.4262714,-0.08764519,-37.76446,326.34158,-0.0005233281,2.5238304,-0.23170388,-3.8329525,326.06818,9.088170571899415,0.04020884910246597,9.095699787139893,9.027059555053711,9.14527702331543,1.9335679692983627,1.7755074116239693,1.2360668778419495,0.9515209197998047,12.049217224121094,4.575225148963928,0.03978621374182301,4.574016571044922,4.319533348083496,4.856595993041992,3.315213506874442,19.13046032214661,0.262734055519104,0.05187106132507324,298.1234436035156,nan,nan,nan,nan,nan,nan,nan,nan,nan,nan,nan,nan,nan,nan,nan,nan,nan,nan,nan,nan,9.99999993922529e-09,0.0,9.99999993922529e-09,9.99999993922529e-09,9.99999993922529e-09,7.499999989946104e-11,4.421782904546045e-18,7.499999926663392e-11,7.499998538884611e-11,7.500001314442173e-11,14.000936442565918,0.17925508088868547,14.033098220825195,13.604445457458496,14.30954647064209,1.7146251884424758e-06,3.3970203487642426e-06,2.618863732095633e-06,-1.6692913050064817e-05,6.977774319238961e-06,0.0012429428798146546,0.0007687285962631984,0.001055260538123548,0.0003757600497920066,0.01043961476534605,8.285375032846786e-06,3.3970202907800254e-06,7.3811368110909825e-06,3.0222267923818436e-06,2.669291279744357e-05,0.06927659012377262,0.008977335277991383,0.06936660036444664,0.04028913751244545,0.10334521532058716,0.7680788325548172,0.0007008465442865604,0.7680063247680664,0.765784502029419,0.7704648971557617
